"title","channel","url","duration","published","views","decision","reason","caveat","practice","prerequisite","source","existing","verified"
"Get Started in Adobe After Effects - AE Fundamentals","Animation Explained","https://www.youtube.com/watch?v=h6C0xm2dCnw","8:11","2022-10-27","22871","Starter path 01","Create a composition and get comfortable with the workspace.","Video interfaces may look different from your version of After Effects.","Make a five-second composition. Add a solid, rename it, and save your project.","No experience needed","https://www.meganfriesth.com/aefundamentals/getstarted","false","2026-09-29"
"Import and Organize Files in After Effects - AE Fundamentals","Animation Explained","https://www.youtube.com/watch?v=gLFSmNKP39o","4:38","2022-11-03","17099","Starter path 02","Import media without turning your project into a pile of missing files.","Video interfaces may look different from your version of After Effects.","Create folders for footage, audio, and compositions. Import one image and rename it.","After lesson 01","https://www.meganfriesth.com/aefundamentals/importfiles","false","2026-09-29"
"Setting Keyframes to Create Animations in After Effects - AE Fundamentals","Animation Explained","https://www.youtube.com/watch?v=E5XHFfK_CV4","14:25","2022-11-10","40731","Starter path 03","Understand keyframes, timing, and spacing.","Video interfaces may look different from your version of After Effects.","Animate a square from left to right. Move the second keyframe closer and compare the speed.","After lessons 01–02","https://www.meganfriesth.com/aefundamentals/keyframes","false","2026-09-29"
"Animating Text in After Effects - AE Fundamentals","Animation Explained","https://www.youtube.com/watch?v=37nPb64Xluk","7:04","2022-11-17","14043","Starter path 07","Create, style, and animate a text layer.","Video interfaces may look different from your version of After Effects.","Animate your name into frame. Make a second version with a different entrance.","After lesson 03","https://www.meganfriesth.com/aefundamentals/text","false","2026-09-29"
"Animate Shape Layers in After Effects - AE Fundamentals","Animation Explained","https://www.youtube.com/watch?v=mKvYoLU1gIo","15:47","2022-11-24","162291","Starter path 06","Work with fills, strokes, paths, and shape transforms.","Video interfaces may look different from your version of After Effects.","Draw a simple line icon and animate its stroke appearing. Use only native shape tools.","After lessons 03–04","https://www.meganfriesth.com/aefundamentals/shapelayers","false","2026-09-29"
"Adjust Anchor Points in After Effects - AE Fundamentals","Animation Explained","https://www.youtube.com/watch?v=-4XKeXNmtA8","7:00","2024-06-01","49388","Starter path 04","Understand why a layer rotates or scales from the wrong place.","Video interfaces may look different from your version of After Effects.","Rotate a rectangle around its center, then around its bottom edge. Compare the results.","After lesson 03","https://www.meganfriesth.com/aefundamentals/anchorpoints","false","2026-09-29"
"Effects in After Effects - AE Fundamentals","Animation Explained","https://www.youtube.com/watch?v=sM6mH20ItHY","15:14","2022-12-15","25753","Supplement","Native effects and adjustment layers after core animation.","Useful reference; avoid prioritizing effects before timing.","","Foundational keyframes and layer navigation","https://www.youtube.com/watch?v=sM6mH20ItHY","false","2026-09-29"
"Create & Animate Masks in After Effects - AE Fundamantals","Animation Explained","https://www.youtube.com/watch?v=VOV4zs87xOU","7:03","2022-12-22","124738","Starter path 09","Create and animate masks to control a layer’s visibility.","Video interfaces may look different from your version of After Effects.","Reveal a word with an animated rectangular mask. Try changing the feather.","After lessons 03 and 06","https://www.meganfriesth.com/aefundamentals/masks","false","2026-09-29"
"Create & Animate Mattes in After Effects - AE Fundamentals","Animation Explained","https://www.youtube.com/watch?v=UCtM-0Q28cs","12:37","2022-12-29","40008","Starter path 10","Use alpha and luma mattes, including the newer matte controls.","Uses the track matte controls introduced in After Effects 2023.","Reveal a title with a separate shape layer, then animate the title independently.","After lesson 09","https://www.meganfriesth.com/aefundamentals/mattes","false","2026-09-29"
"Parent Layers & Properties in After Effects - AE Fundamentals","Animation Explained","https://www.youtube.com/watch?v=1_B4Tdkmz-o","6:20","2022-12-01","44045","Starter path 08","Use parenting and nulls to control a group of layers.","Video interfaces may look different from your version of After Effects.","Parent a title and two shapes to one null. Move the group while retaining their own animation.","After lessons 03–04","https://www.meganfriesth.com/aefundamentals/parenting","false","2026-09-29"
"How to Render Video Files in After Effects - AE Fundamentals","Animation Explained","https://www.youtube.com/watch?v=y4KXKiRq714","10:58","2023-01-05","10252","Starter path 11","Understand the render queue, formats, and transparency.","Direct H.264 export shown is for After Effects 2023 or newer. Older versions use Media Encoder.","Export your five-second animation as an MP4 and play it outside After Effects.","Have a short animation ready","https://www.meganfriesth.com/aefundamentals/render","false","2026-09-29"
"2022 After Effects Jumpstart | Beginner tutorial","Manuel does Motion","https://www.youtube.com/watch?v=cJ81uVc6NGg","7:18","2022-01-05","5113","Recommended alternative","A 7-minute first composition and title project.","AE 2022 interface; older export workflow.","","Foundational keyframes and layer navigation","https://www.youtube.com/watch?v=cJ81uVc6NGg","false","2026-09-29"
"Graph Editor for Beginners – After Effects Tutorial That Actually Makes Sense","MiddyAtif","https://www.youtube.com/watch?v=FPy3BKdQElE","13:00","2025-06-30","21317","Starter path 05","Compare the speed and value graphs and shape your easing.","Includes an AEJuice sponsor segment. Focus on the built-in Graph Editor lesson.","Make three versions of the same move: linear, Easy Ease, and a custom curve.","Comfortable setting keyframes","https://www.youtube.com/watch?v=FPy3BKdQElE","false","2026-09-29"
"The LAST graph editor tutorial you'll ever need. \\ After Effects Tutorial","Jake In Motion","https://www.youtube.com/watch?v=7pOCtlrrE3Y","25:10","2022-10-05","314654","Recommended deeper dive","Timing and spacing plus separate speed/value graph chapters.","Longer than the core lesson; sponsor segment and course promotion.","","Foundational keyframes and layer navigation","https://www.youtube.com/watch?v=7pOCtlrrE3Y","false","2026-09-29"
"The GAME CHANGING New Track Matte System in After Effects 2023","School of Motion","https://www.youtube.com/watch?v=rvAXZl8Ypus","7:47","2022-11-14","59323","Recommended alternative","Explains the change to the AE 2023 matte system.","Use when learners are confused by older track-matte tutorials.","","Foundational keyframes and layer navigation","https://www.youtube.com/watch?v=rvAXZl8Ypus","false","2026-09-29"
"Parenting & Null Objects Explained in After Effects","Guerrilla Filmmaking","https://www.youtube.com/watch?v=pU9SyTMU8qw","3:57","2026-05-26","886","Promising small-channel candidate","Short parenting/null overview with a tracking application.","Preview pacing and tracking prerequisites before expanding its role.","","Foundational keyframes and layer navigation","https://www.youtube.com/watch?v=pU9SyTMU8qw","false","2026-09-29"
"How to Use Parenting and Null Objects | After Effects Tutorial for Motion Graphics | Adobe Video","Adobe Video","https://www.youtube.com/watch?v=TP1fEnJkzmQ","6:50","2021-04-14","223465","Recommended reference","Adobe-hosted explanation of parenting and nulls by Kyle Hamrick.","Use as a second explanation, not a new skill requirement.","","Foundational keyframes and layer navigation","https://www.youtube.com/watch?v=TP1fEnJkzmQ","false","2026-09-29"
"Complete Intro to Motion Design | FULL AFTER EFFECTS COURSE","TipTut","https://www.youtube.com/watch?v=ROw_Xnmg2W4","135:12","2022-08-01","1057642","Starter path 12","Follow a longer motion-design project with text, shapes, and animation.","A longer follow-up project, not a first-day introduction. Set aside several practice sessions.","Work through one chapter at a time. Then change the type, colors, and timing to make your own version.","Complete the foundations first","https://www.youtube.com/watch?v=ROw_Xnmg2W4","false","2026-09-29"
"After Effects: Building a Simple Clean Intro & Transition","Creative Dojo","https://www.youtube.com/watch?v=r9bc68-71I0","21:25","2018-11-27","8662","Hold for watch-through","A compact intro/transition project with modest discovery.","2018 interface; description promotes Dojo Shifter. Verify whether the demonstrated workflow needs the tool.","","Foundational keyframes and layer navigation","https://www.youtube.com/watch?v=r9bc68-71I0","false","2026-09-29"
"Shape Layers in After Effects – Complete Beginner Guide","AITEE Media","https://www.youtube.com/watch?v=9m2bQ3OfWG8","28:43","2026-02-07","224","Promising small-channel candidate","Chapters cover shape hierarchy, trims, strokes, groups, and modifiers.","Dense 29-minute reference; review teaching and pacing before recommending to first-day learners.","","Foundational keyframes and layer navigation","https://www.youtube.com/watch?v=9m2bQ3OfWG8","false","2026-09-29"
"How to Use Shape Layers in After Effects | Trim Paths, Repeater & More","Daily Learning 9AM","https://www.youtube.com/watch?v=QCqXEOa0DgU","2:34","2026-02-06","63","Hold for watch-through","Very short shape-layer overview.","The description promises many topics in 2:34; brevity and low views are not evidence of teaching quality.","","Foundational keyframes and layer navigation","https://www.youtube.com/watch?v=QCqXEOa0DgU","false","2026-09-29"